{"cameraMode":{"drawMode":0,"name":"Shaded","section":"Shading Mode"},"sceneLighting":true,"audioPlay":false,"sceneViewState":{"showFog":true,"showMaterialUpdate":false,"showSkybox":true,"showFlares":true,"showImageEffects":true,"showParticleSystems":true},"in2DMode":false,"pivot":{"x":2.159208059310913,"y":0.16355271637439729,"z":-2.1201016902923586},"rotation":{"x":0.033289458602666858,"y":0.9376201629638672,"z":-0.09369777143001557,"w":0.33314913511276247},"size":11.26050090789795,"orthographic":false}