{"cameraMode":{"drawMode":0,"name":"Shaded","section":"Shading Mode"},"sceneLighting":false,"audioPlay":false,"sceneViewState":{"showFog":true,"showMaterialUpdate":false,"showSkybox":false,"showFlares":true,"showImageEffects":true,"showParticleSystems":true},"in2DMode":false,"pivot":{"x":8.290938377380371,"y":1.0346965789794922,"z":0.41160786151885989},"rotation":{"x":0.0005100303096696734,"y":0.99906986951828,"z":-0.04138343781232834,"w":0.012285345233976841},"size":4.041658401489258,"orthographic":false}